INSERT IGNORE INTO `Nivel` (`id_nivel`, `nombre`) VALUES
(1, 'Junior'),
(2, 'Semi senior'),
(3, 'Senior');

INSERT IGNORE INTO `puesto` (`id_puesto`, `descripcion`, `nombre`, `id_categoria`, `id_nivel`) VALUES
(1, 'Puesto de IOS nivel Junior', 'IOS - Junior', 1, 1),
(2, 'Puesto de IOS nivel Semi senior', 'IOS - Semi senior', 1, 2),
(3, 'Puesto de IOS nivel Senior', 'IOS - Senior', 1, 3),
(4, 'Puesto de Android nivel Junior', 'Android - Junior', 2, 1),
(5, 'Puesto de Android nivel Semi senior', 'Android - Semi senior', 2, 2),
(6, 'Puesto de Android nivel Senior', 'Android - Senior', 2, 3),
(7, 'Puesto de Cordova nivel Junior', 'Cordova - Junior', 3, 1),
(8, 'Puesto de Cordova nivel Semi senior', 'Cordova - Semi senior', 3, 2),
(9, 'Puesto de Cordova nivel Senior', 'Cordova - Senior', 3, 3),
(10, 'Puesto de Xamarin nivel Junior', 'Xamarin - Junior', 4, 1),
(11, 'Puesto de Xamarin nivel Semi senior', 'Xamarin - Semi senior', 4, 2),
(12, 'Puesto de Xamarin nivel Senior', 'Xamarin - Senior', 4, 3),
(13, 'Puesto de Ionic nivel Junior', 'Ionic - Junior', 5, 1),
(14, 'Puesto de Ionic nivel Semi senior', 'Ionic - Semi senior', 5, 2),
(15, 'Puesto de Ionic nivel Senior', 'Ionic - Senior', 5, 3),
(16, 'Puesto de HTML nivel Junior', 'HTML - Junior', 6, 1),
(17, 'Puesto de HTML nivel Semi senior', 'HTML - Semi senior', 6, 2),
(18, 'Puesto de HTML nivel Senior', 'HTML - Senior', 6, 3),
(19, 'Puesto de CSS nivel Junior', 'CSS - Junior', 7, 1),
(20, 'Puesto de CSS nivel Semi senior', 'CSS - Semi senior', 7, 2),
(21, 'Puesto de CSS nivel Senior', 'CSS - Senior', 7, 3),
(22, 'Puesto de Angular nivel Junior', 'Angular - Junior', 8, 1),
(23, 'Puesto de Angular nivel Semi senior', 'Angular - Semi senior', 8, 2),
(24, 'Puesto de Angular nivel Senior', 'Angular - Senior', 8, 3),
(25, 'Puesto de Bootstrap nivel Junior', 'Bootstrap - Junior', 9, 1),
(26, 'Puesto de Bootstrap nivel Semi senior', 'Bootstrap - Semi senior', 9, 2),
(27, 'Puesto de Bootstrap nivel Senior', 'Bootstrap - Senior', 9, 3),
(28, 'Puesto de Java nivel Junior', 'Java - Junior', 10, 1),
(29, 'Puesto de Java nivel Semi senior', 'Java - Semi senior', 10, 2),
(30, 'Puesto de Java nivel Senior', 'Java - Senior', 10, 3),
(31, 'Puesto de Spring nivel Junior', 'Spring - Junior', 11, 1),
(32, 'Puesto de Spring nivel Semi senior', 'Spring - Semi senior', 11, 2),
(33, 'Puesto de Spring nivel Senior', 'Spring - Senior', 11, 3),
(34, 'Puesto de SpringBoot nivel Junior', 'SpringBoot - Junior', 12, 1),
(35, 'Puesto de SpringBoot nivel Semi senior', 'SpringBoot - Semi senior', 12, 2),
(36, 'Puesto de SpringBoot nivel Senior', 'SpringBoot - Senior', 12, 3),
(37, 'Puesto de REST nivel Junior', 'REST - Junior', 13, 1),
(38, 'Puesto de REST nivel Semi senior', 'REST - Semi senior', 13, 2),
(39, 'Puesto de REST nivel Senior', 'REST - Senior', 13, 3),
(40, 'Puesto de .NET nivel Junior', '.NET - Junior', 14, 1),
(41, 'Puesto de .NET nivel Semi senior', '.NET - Semi senior', 14, 2),
(42, 'Puesto de .NET nivel Senior', '.NET - Senior', 14, 3),
(43, 'Puesto de AEM nivel Junior', 'AEM - Junior', 15, 1),
(44, 'Puesto de AEM nivel Semi senior', 'AEM - Semi senior', 15, 2),
(45, 'Puesto de AEM nivel Senior', 'AEM - Senior', 15, 3),
(46, 'Puesto de Git nivel Junior', 'Git - Junior', 16, 1),
(47, 'Puesto de Git nivel Semi senior', 'Git - Semi senior', 16, 2),
(48, 'Puesto de Git nivel Senior', 'Git - Senior', 16, 3),
(49, 'Puesto de Subversion nivel Junior', 'Subversion - Junior', 17, 1),
(50, 'Puesto de Subversion nivel Semi senior', 'Subversion - Semi senior', 17, 2),
(51, 'Puesto de Subversion nivel Senior', 'Subversion - Senior', 17, 3),
(52, 'Puesto de Jira nivel Junior', 'Jira - Junior', 18, 1),
(53, 'Puesto de Jira nivel Semi senior', 'Jira - Semi senior', 18, 2),
(54, 'Puesto de Jira nivel Senior', 'Jira - Senior', 18, 3),
(55, 'Puesto de Cloudera nivel Junior', 'Cloudera - Junior', 19, 1),
(56, 'Puesto de Cloudera nivel Semi senior', 'Cloudera - Semi senior', 19, 2),
(57, 'Puesto de Cloudera nivel Senior', 'Cloudera - Senior', 19, 3),
(58, 'Puesto de Stratio nivel Junior', 'Stratio - Junior', 20, 1),
(59, 'Puesto de Stratio nivel Semi senior', 'Stratio - Semi senior', 20, 2),
(60, 'Puesto de Stratio nivel Senior', 'Stratio - Senior', 20, 3),
(61, 'Puesto de SQL Server nivel Junior', 'SQL Server - Junior', 21, 1),
(62, 'Puesto de SQL Server nivel Semi senior', 'SQL Server - Semi senior', 21, 2),
(63, 'Puesto de SQL Server nivel Senior', 'SQL Server - Senior', 21, 3),
(64, 'Puesto de BizTalk Server nivel Junior', 'BizTalk Server - Junior', 22, 1),
(65, 'Puesto de BizTalk Server nivel Semi senior', 'BizTalk Server - Semi senior', 22, 2),
(66, 'Puesto de BizTalk Server nivel Senior', 'BizTalk Server - Senior', 22, 3),
(67, 'Puesto de SAP nivel Junior', 'SAP - Junior', 23, 1),
(68, 'Puesto de SAP nivel Semi senior', 'SAP - Semi senior', 23, 2),
(69, 'Puesto de SAP nivel Senior', 'SAP - Senior', 23, 3),
(70, 'Puesto de Appian nivel Junior', 'Appian - Junior', 24, 1),
(71, 'Puesto de Appian nivel Semi senior', 'Appian - Semi senior', 24, 2),
(72, 'Puesto de Appian nivel Senior', 'Appian - Senior', 24, 3),
(73, 'Puesto de Salesforce nivel Junior', 'Salesforce - Junior', 25, 1),
(74, 'Puesto de Salesforce nivel Semi senior', 'Salesforce - Semi senior', 25, 2),
(75, 'Puesto de Salesforce nivel Senior', 'Salesforce - Senior', 25, 3),
(76, 'Puesto de SharePoint nivel Junior', 'SharePoint - Junior', 26, 1),
(77, 'Puesto de SharePoint nivel Semi senior', 'SharePoint - Semi senior', 26, 2),
(78, 'Puesto de SharePoint nivel Senior', 'SharePoint - Senior', 26, 3),
(79, 'Puesto de Visual studio nivel Junior', 'Visual studio - Junior', 27, 1),
(80, 'Puesto de Visual studio nivel Semi senior', 'Visual studio - Semi senior', 27, 2),
(81, 'Puesto de Visual studio nivel Senior', 'Visual studio - Senior', 27, 3);

INSERT IGNORE INTO `pregunta` (`id_pregunta`, `es_generica`, `texto`, `id_puesto`) VALUES
(1, 1, '¿Qué te motivó a postularte a esta empresa?', NULL),
(2, 1, '¿Prefieres trabajar solo o en equipo? ¿Por qué?', NULL),
(3, 1, '¿Cuál ha sido tu experiencia trabajando con control de versiones (Git)?', NULL),
(4, 1, '¿Estás dispuesto/a a seguir aprendiendo nuevas tecnologías o lenguajes?', NULL),
(5, 1, '¿Cómo manejas el feedback (positivo o negativo)?', NULL),
(6, 1, '¿Cómo manejas los plazos ajustados o el estrés en un proyecto?', NULL),
(7, 1, '¿Utilizas el debugging a menudo?', NULL),
(8, 1, '¿Con qué IDE te sientes más cómodo?', NULL),
(9, 0, '¿Has trabajado con Spring Boot?', 10),
(10, 0, '¿Qué entiendes por inyección de dependencias?', 10),
(11, 0, '¿Qué diferencia hay entre una clase abstracta y una interfaz en Java?', 10),
(12, 0, '¿Qué son los modificadores de acceso? ¿Cuáles conoces?', 10),
(13, 0, '¿Qué es una excepción? ¿Cuál es la diferencia entre checked y unchecked exceptions?', 10),
(14, 0, '¿Cómo aplicas el principio de inversión de dependencias en Java?', 10),
(15, 0, '¿Qué técnicas utilizas para manejar concurrencia en aplicaciones Java?', 10),
(16, 0, '¿Qué herramientas usas para pruebas unitarias y de integración en Java?', 10),
(17, 0, '¿Cómo gestionas errores y logs en tus aplicaciones Java?', 10),
(18, 0, '¿Qué diferencias hay entre JDBC y JPA?', 10),
(19, 0, '¿Cómo optimizarías una aplicación Java que tiene problemas de rendimiento?', 10),
(20, 0, '¿Cómo estructurarías un proyecto con Spring Boot y microservicios?', 10),
(21, 0, '¿Qué patrones de diseño sueles aplicar en tus proyectos?', 10),
(22, 0, '¿Cómo gestionas la seguridad en aplicaciones Java web?', 10),
(23, 0, '¿Tienes experiencia con integración continua (CI/CD) en proyectos Java?', 10),
(24, 0, '¿Qué es el Garbage Collector y cómo funciona?', 10),
(25, 0, '¿Cuál es la diferencia entre listas y tuplas?', 11),
(26, 0, '¿Qué es PEP8?', 11),
(27, 0, '¿Qué sabes sobre decoradores en Python?', 11),
(28, 0, '¿Has usado algún framework como Flask o Django?', 11),
(29, 0, '¿Qué módulos estándar has utilizado más?', 11),
(30, 0, '¿Cómo gestionas errores y excepciones en Python de forma estructurada?', 11),
(31, 0, '¿Qué librerías usas para consumir APIs REST en Python?', 11),
(32, 0, '¿Qué ventajas tiene usar un entorno virtual (virtualenv o pipenv)?', 11),
(33, 0, '¿Cómo conectas Python con una base de datos relacional?', 11),
(34, 0, '¿Qué herramientas usas para formateo, linting o análisis estático?', 11),
(35, 0, '¿Cómo organizarías un proyecto grande en Django?', 11),
(36, 0, '¿Cómo gestionas entornos virtuales y dependencias?', 11),
(37, 0, '¿Qué herramientas usas para testing y cobertura de código?', 11),
(38, 0, '¿Has trabajado con data pipelines, scraping o automatización?', 11),
(39, 0, '¿Cómo optimizas rendimiento en Python (profiling, async, multiprocessing, etc.)?', 11),
(40, 0, '¿Qué diferencias hay entre include, require, include_once y require_once?', 12),
(41, 0, '¿Qué es una variable superglobal? ¿Puedes nombrar algunas?', 12),
(42, 0, '¿Cómo se conecta PHP con una base de datos MySQL?', 12),
(43, 0, '¿Qué es una sesión y cómo se maneja en PHP?', 12),
(44, 0, '¿Has trabajado con algún framework como Laravel o Symfony?', 12),
(45, 0, '¿Cómo organizas el código en un proyecto mediano con PHP?', 12),
(46, 0, '¿Qué diferencias hay entre PDO y MySQLi?', 12),
(47, 0, '¿Cómo implementarías autenticación básica en un sistema en PHP?', 12),
(48, 0, '¿Qué convenciones de PSR conoces y aplicas?', 12),
(49, 0, '¿Cómo usarías Composer en un proyecto PHP?', 12),
(50, 0, '¿Has diseñado APIs RESTful en PHP? ¿Qué consideraciones tomas?', 12),
(51, 0, '¿Qué herramientas usas para testing automatizado en PHP?', 12),
(52, 0, '¿Cómo gestionas dependencias en proyectos grandes de PHP?', 12),
(53, 0, '¿Qué estrategias usas para escalar una aplicación en PHP?', 12),
(54, 0, '¿Cómo asegurarías una API en PHP contra ataques comunes como SQL Injection o XSS?', 12),
(55, 0, '¿Cuál es la diferencia entre var, let y const?', 13),
(56, 0, '¿Qué es el event loop en JavaScript?', 13),
(57, 0, '¿Qué es una promesa (Promise) y cómo se usa?', 13),
(58, 0, '¿Qué sabes de manipulación del DOM?', 13),
(59, 0, '¿Has trabajado con algún framework como React, Angular o Vue?', 13),
(60, 0, '¿Qué es hoisting y cómo afecta el código?', 13),
(61, 0, '¿Cómo manejas errores en funciones asincrónicas?', 13),
(62, 0, '¿Qué diferencias hay entre una función declarada y una función expresada?', 13),
(63, 0, '¿Cómo modularizas el código JavaScript (ESModules)?', 13),
(64, 0, '¿Qué ventajas ofrece el uso de fetch comparado con XMLHttpRequest?', 13),
(65, 0, '¿Cómo gestionas el estado en aplicaciones complejas (Redux, Context API, etc.)?', 13),
(66, 0, '¿Qué sabes sobre la renderización del lado del servidor (SSR)?', 13),
(67, 0, '¿Cómo asegurarías una aplicación SPA?', 13),
(68, 0, '¿Qué técnicas usas para optimizar el rendimiento de una app web?', 13),
(69, 0, '¿Qué opinas sobre el uso de TypeScript? ¿Lo has utilizado?', 13),
(70, 0, '¿Cuál es la diferencia entre public, private, protected e internal?', 14),
(71, 0, '¿Qué es el CLR?', 14),
(72, 0, '¿Has usado LINQ? ¿Puedes dar un ejemplo?', 14),
(73, 0, '¿Qué es un delegate?', 14),
(74, 0, '¿Has trabajado con Windows Forms o ASP.NET?', 14),
(75, 0, '¿Qué patrones de diseño aplicas habitualmente en C#?', 14),
(76, 0, '¿Cómo configuras un proyecto ASP.NET Core desde cero?', 14),
(77, 0, '¿Qué es un Task y cómo lo utilizas para operaciones asincrónicas?', 14),
(78, 0, '¿Qué herramientas usas para testing en .NET?', 14),
(79, 0, '¿Qué diferencias hay entre IEnumerable y IQueryable?', 14),
(80, 0, '¿Cómo gestionas el rendimiento y la escalabilidad en aplicaciones .NET de alto tráfico?', 14),
(81, 0, '¿Tienes experiencia trabajando con arquitectura basada en microservicios usando .NET? ¿Cómo gestionas la comunicación entre servicios?', 14),
(82, 0, '¿Qué estrategias usas para asegurar una aplicación web en .NET contra amenazas como XSS, CSRF o inyecciones SQL?', 14),
(83, 0, '¿Qué ventajas y desventajas ves entre Entity Framework y Dapper? ¿En qué casos usarías uno u otro?', 14),
(84, 0, '¿Cómo implementas la inyección de dependencias en ASP.NET Core?', 14),
(85, 0, '¿Qué es HTML?', 15),
(86, 0, '¿Qué etiquetas semánticas existen en HTML5?', 15),
(87, 0, '¿Qué hace la etiqueta <canvas>?', 15),
(88, 0, '¿Cuál es la diferencia entre <div> y <section>?', 15),
(89, 0, '¿Cómo insertas una imagen y un enlace?', 15),
(90, 0, '¿Cómo usarías localStorage y sessionStorage?', 15),
(91, 0, '¿Qué es ARIA y cómo mejora la accesibilidad?', 15),
(92, 0, '¿Qué técnicas usas para optimizar la carga de HTML en una web?', 15),
(93, 0, '¿Cómo afecta el uso de etiquetas semánticas al SEO?', 15),
(94, 0, '¿Cómo manejarías SEO dinámico en aplicaciones SPA?', 15),
(95, 0, '¿Cómo evalúas y mejoras la accesibilidad (a11y) de una página web?', 15),
(96, 0, '¿Qué es una clase en CSS?', 16),
(97, 0, '¿Cómo se aplica una hoja de estilos externa?', 16),
(98, 0, '¿Qué hace el position: absolute?', 16),
(99, 0, '¿Cómo cambias el color de fondo de un elemento?', 16),
(100, 0, '¿Qué son Flexbox y Grid? ¿Cuándo usarlos?', 16),
(101, 0, '¿Cómo funciona el modelo de caja (box model)?', 16),
(102, 0, '¿Qué es una media query?', 16),
(103, 0, '¿Cómo implementas dark mode?', 16),
(104, 0, '¿Cómo estructuras CSS para aplicaciones grandes (BEM, SMACSS, etc.)?', 16),
(105, 0, '¿Cómo usar variables en CSS moderno?', 16),
(106, 0, '¿Cómo optimizas CSS para rendimiento (renderizado crítico, minificación, etc.)?', 16),
(107, 0, '¿Qué diferencias prácticas hay entre CSS-in-JS y CSS modular?', 16),
(108, 0, '¿Qué es un componente en Angular?', 17),
(109, 0, '¿Qué es un módulo (NgModule)?', 17),
(110, 0, '¿Cómo se crea una app básica con Angular CLI?', 17),
(111, 0, '¿Qué es una directiva?', 17),
(112, 0, '¿Cómo funciona el data binding en Angular?', 17),
(113, 0, '¿Qué son servicios (services) y cómo se inyectan?', 17),
(114, 0, '¿Qué es RxJS y cómo se usa en Angular?', 17),
(115, 0, '¿Qué es lazy loading?', 17),
(116, 0, '¿Cómo estructurarías una app Angular enterprise?', 17),
(117, 0, '¿Cómo optimizarías el performance de una app Angular con muchos componentes?', 17),
(118, 0, '¿Cómo testearías un componente con dependencias externas?', 17),
(119, 0, '¿Cómo implementarías un state management global (ej: NgRx)?', 17),
(120, 0, '¿Qué es Bootstrap?', 18),
(121, 0, '¿Cómo se aplica el sistema de columnas?', 18),
(122, 0, '¿Qué clase usas para centrar un texto?', 18),
(123, 0, '¿Cómo usarías un grid responsivo con Bootstrap?', 18),
(124, 0, '¿Qué es una clase de utilidad y cómo mejorar el CSS con ellas?', 18),
(125, 0, '¿Cómo personalizarías los temas de Bootstrap para adaptarlos a un diseño específico?', 18),
(126, 0, '¿Cómo integrarías Bootstrap con otras herramientas o frameworks como SASS?', 18),
(127, 0, '¿Qué es Spring Boot?', 19),
(128, 0, '¿Qué es la inyección de dependencias?', 19),
(129, 0, '¿Cómo se conecta Spring Boot a una base de datos?', 19),
(130, 0, '¿Qué es Spring Data JPA?', 19),
(131, 0, '¿Cómo configuras CORS en Spring Boot?', 19),
(132, 0, '¿Qué es un @Service o @Component?', 19),
(133, 0, '¿Cómo usas Spring Security para proteger endpoints?', 19),
(134, 0, '¿Qué diferencias hay entre @Component, @Service y @Repository?', 19),
(135, 0, '¿Qué ventajas ofrece usar Spring Boot sobre Spring tradicional?', 19),
(136, 0, '¿Cómo manejas errores globales con @ControllerAdvice?', 19),
(137, 0, '¿Qué herramientas usas para testear controladores y servicios?', 19),
(138, 0, '¿Cómo haces una arquitectura hexagonal con Spring?', 19),
(139, 0, '¿Cómo versionarías una API REST en Spring Boot?', 19),
(140, 0, '¿Cómo implementas seguridad con Spring Security + JWT?', 19),
(141, 0, '¿Cómo integras microservicios con Spring Cloud?', 19),
(142, 0, '¿Qué es un ViewController?', 20),
(143, 0, '¿Cómo conectas una vista con código en Xcode?', 20),
(144, 0, '¿Qué diferencias hay entre MVC y MVVM?', 20),
(145, 0, '¿Cómo manejas UserDefaults?', 20),
(146, 0, '¿Qué es @IBOutlet y @IBAction?', 20),
(147, 0, '¿Cómo manejas la navegación entre pantallas con Coordinators?', 20),
(148, 0, '¿Qué librerías usas para consumir APIs REST?', 20),
(149, 0, '¿Cómo trabajas con Core Data o Realm?', 20),
(150, 0, '¿Qué diferencias hay entre una weak reference y una strong reference?', 20),
(151, 0, '¿Qué patrones de diseño usas frecuentemente en iOS?', 20),
(152, 0, '¿Cómo gestionas memoria con ARC?', 20),
(153, 0, '¿Como usarías Combine o Swift Concurrency?', 20),
(154, 0, '¿Cómo modularizas una app iOS?', 20),
(155, 0, '¿Qué es un Activity?', 21),
(156, 0, '¿Cómo agregas un botón a una app?', 21),
(157, 0, '¿Qué es un ViewModel?', 21),
(158, 0, '¿Cómo usas LiveData?', 21),
(159, 0, '¿Cómo accedes a una API REST?', 21),
(160, 0, '¿Qué patrón arquitectónico usas y por qué (MVP, MVVM, Clean)?', 21),
(161, 0, '¿Cómo implementas navegación con Jetpack Navigation?', 21),
(162, 0, '¿Qué diferencias hay entre Service, JobScheduler y WorkManager?', 21),
(163, 0, '¿Cómo persistes datos usando Room?', 21),
(164, 0, '¿Qué librerías usas para testing de UI y unitarios?', 21),
(165, 0, '¿Cómo modularizas una app grande?', 21),
(166, 0, '¿Cómo gestionas dependencias con Dagger/Hilt?', 21),
(167, 0, '¿Cómo aplicas arquitectura Clean o Hexagonal?', 21);

INSERT IGNORE INTO `categoria_tecnologia` (`id_categoria_tecnologia`, `nombre`) VALUES
(1,'MOVIL'),
(2,'FRONTEND'),
(3,'BACKEND'),
(4,'DEVOPS'),
(5,'DATOS'),
(6,'EMPRESARIAL');

INSERT IGNORE INTO `categoria` (`id_categoria`, `nombre`,`id_categoria_tecnologia`) VALUES
(1, 'IOS',1),
(2, 'Android',1),
(3, 'Cordova',1),
(4, 'Xamarin',1),
(5, 'Ionic',1),
(6, 'HTML',2),
(7, 'CSS',2),
(8, 'Angular',2),
(9, 'Bootstrap',2),
(10, 'Java',3),
(11, 'Spring',3),
(12, 'SpringBoot',3),
(13, 'REST',3),
(14, '.NET',3),
(15, 'AEM',3),
(16, 'Git',4),
(17, 'Subversion',4),
(18, 'Jira',4),
(19, 'Cloudera',5),
(20, 'Stratio',5),
(21, 'SQL Server',5),
(22, 'BizTalk Server',5),
(23, 'SAP',6),
(24, 'Appian',6),
(25, 'Salesforce',6),
(26, 'SharePoint',6),
(27, 'Visual studio',6);